transaction_amount,weekend_transaction,manual_approval_missing,prior_exceptions,country_risk,years_with_supplier,high_risk,annual_loss
2775.37,0,1,0,Low,1.9,0,904.3
1012.33,1,0,1,Medium,4.4,0,35.86
3877.08,0,0,2,High,2.6,0,1927.31
4471.25,0,1,2,Low,6.4,0,1383.47
511.18,1,0,0,Low,4.0,0,1166.85
831.61,1,0,0,Low,4.1,0,952.04
2430.57,1,0,0,Low,6.2,0,539.76
1742.05,0,0,2,Medium,4.1,0,1616.42
2180.7,0,0,0,Medium,2.5,0,1200.44
1164.7,0,0,1,Medium,7.4,0,568.83
4270.77,0,0,1,Low,6.1,0,637.79
3957.41,0,0,1,Medium,4.7,0,0.0
2320.47,0,0,1,Low,8.2,0,172.57
5143.2,0,0,1,Low,4.2,0,561.67
3135.78,1,0,5,High,5.3,1,4060.3
1159.25,0,1,1,Medium,5.5,1,1871.19
2911.91,1,0,0,High,2.6,1,2421.43
1075.82,0,0,4,High,20.0,0,1691.38
4267.73,0,0,2,Medium,4.8,0,1562.85
2127.19,0,0,2,High,3.2,1,3053.05
1922.45,1,0,5,Low,2.7,0,2355.87
1325.18,0,0,1,Low,1.1,0,709.56
5524.27,0,0,2,Low,1.0,0,409.11
1966.68,0,1,2,Low,20.0,0,1166.69
1601.59,0,1,1,Low,1.1,0,998.09
1695.78,0,0,0,Low,2.6,0,246.89
3291.94,1,0,2,Medium,3.7,0,1791.68
2904.69,0,0,2,Medium,4.0,0,2157.38
3009.56,0,0,1,Medium,3.9,0,1567.32
3050.67,1,0,1,Low,3.9,0,630.41
11006.44,0,0,0,Medium,5.9,0,1793.57
1628.13,1,0,0,Low,3.3,0,1166.14
1503.9,0,0,1,Low,5.6,0,271.94
1199.51,0,0,1,Low,4.3,0,1160.84
3505.14,0,1,1,Low,8.1,0,1267.15
5149.88,0,0,1,Low,8.2,0,195.02
2027.46,1,0,2,Medium,3.3,1,2812.28
1176.01,0,0,0,Medium,6.0,0,851.65
1189.92,0,1,2,Medium,8.9,1,2528.07
3597.32,0,0,0,Low,2.2,0,581.21
3856.21,0,0,4,Medium,4.3,0,1564.44
3318.82,1,0,1,Medium,5.8,0,1827.89
1340.59,1,1,1,Low,2.2,1,2429.94
2628.37,0,0,0,Medium,3.6,0,925.53
2410.32,0,0,1,Low,12.8,0,975.15
2601.95,0,1,0,Low,3.2,0,397.11
4245.32,0,0,2,Low,3.5,0,675.32
2611.54,1,0,3,Low,6.8,0,447.34
3674.55,0,0,2,Low,2.0,0,1437.83
2323.16,0,0,0,Low,4.4,0,0.0
2743.09,0,0,0,Low,2.6,0,614.93
3545.61,1,0,1,High,5.6,0,2312.24
740.36,0,0,0,Low,0.3,0,733.12
1737.58,0,1,2,Low,5.1,0,829.42
1551.88,0,0,1,Low,5.9,0,682.79
1367.64,0,0,2,High,3.6,1,3684.39
1796.59,0,0,5,Medium,3.8,1,3918.63
6776.43,0,0,3,High,3.3,1,3947.38
1153.58,0,0,1,Low,4.4,0,876.37
4565.16,0,1,1,Low,11.5,0,876.75
625.06,0,1,3,Medium,8.3,1,3269.0
1717.86,0,0,2,Low,4.3,0,903.34
2495.05,1,0,1,Medium,3.6,0,1742.94
3427.78,0,0,0,High,7.8,0,1141.88
3764.69,0,0,3,Low,5.3,0,1298.41
4003.84,0,0,3,High,2.1,1,3300.55
1700.12,1,0,2,Medium,4.0,0,1774.46
1561.24,0,0,2,Low,10.7,0,1250.83
4202.7,0,0,0,Low,6.6,0,325.63
1913.18,1,0,1,Low,3.6,0,355.12
848.3,0,0,0,Medium,1.4,0,1603.01
943.91,0,0,2,Low,5.5,0,2305.16
1108.11,0,0,2,Low,4.8,0,1193.65
3206.29,0,0,3,Medium,4.3,0,926.24
2457.3,0,0,0,Low,7.9,0,96.75
3706.58,0,0,2,Low,6.7,0,1409.48
1602.89,0,0,0,Medium,1.5,0,1499.82
2487.18,0,0,1,Low,4.8,0,117.01
3530.49,1,0,1,Low,1.8,0,1138.75
1751.08,0,0,1,Low,3.4,0,840.34
3110.63,0,1,1,Low,1.7,0,1803.26
1344.2,1,0,0,Low,1.7,0,605.11
1681.95,1,0,1,Medium,6.0,0,517.64
1658.55,0,0,1,High,5.6,0,1967.76
900.65,0,1,0,Low,4.6,0,1531.68
3181.89,1,0,0,High,3.2,0,1777.31
1553.01,0,1,1,Medium,1.6,0,1741.59
2229.14,1,0,2,Medium,3.4,0,1415.07
3167.06,1,0,1,Medium,5.6,0,1016.52
3086.83,1,0,1,Medium,5.5,0,2040.61
3637.45,0,0,1,Medium,10.6,0,1377.74
2051.11,0,0,2,Low,9.7,0,1283.28
1607.65,0,0,2,Low,4.7,0,1808.7
2080.18,0,0,4,Low,3.4,0,955.45
622.97,1,0,1,Low,2.6,0,699.99
745.96,0,0,0,Medium,1.4,0,789.08
818.91,0,0,2,Low,2.0,0,616.95
1045.31,0,0,2,Low,5.6,0,1373.9
2980.45,1,0,2,Low,7.0,0,1325.56
1119.78,0,0,0,Low,3.9,0,0.0
1663.0,0,1,0,Medium,17.5,0,1302.58
5851.31,0,0,1,Medium,2.0,0,1413.28
1690.54,0,0,1,Low,1.3,0,1242.41
3839.65,0,0,2,Low,17.3,0,1355.0
1096.4,0,0,1,Low,1.5,0,940.38
1893.01,0,0,2,Low,3.8,0,1178.67
1082.99,0,0,1,Medium,2.8,0,882.29
1712.53,0,0,1,Medium,5.9,0,635.96
4147.38,0,1,1,Low,3.6,0,1559.18
604.57,0,1,1,Low,7.0,0,969.1
3058.92,0,0,1,High,8.0,0,2653.53
2639.39,0,0,1,Medium,1.4,0,1832.96
1414.3,0,0,1,Low,2.6,0,1057.06
746.55,0,1,1,Low,7.4,0,1370.42
2331.1,0,0,2,Low,9.0,0,984.8
1484.57,0,0,2,High,5.2,0,1180.3
2629.39,0,0,2,Low,6.2,0,935.16
2244.84,1,0,1,Low,11.0,0,1172.91
7341.76,0,0,0,High,3.7,0,1890.12
1845.46,0,1,1,Medium,5.2,0,1797.43
1024.93,0,0,4,Low,9.7,0,1968.48
2526.16,0,0,2,Low,10.1,0,666.15
2604.5,0,0,2,Low,4.4,0,676.62
6120.45,1,0,1,Medium,2.6,1,3386.4
4131.24,1,0,1,Low,4.3,0,1673.23
2886.08,0,0,0,High,4.6,0,1237.1
6617.53,0,0,0,High,2.5,0,1654.26
905.45,0,0,0,Low,2.8,0,356.89
1366.74,0,0,1,Medium,10.1,0,1023.04
1102.21,0,1,1,Low,6.4,0,1447.13
1648.54,0,0,1,Low,3.8,0,2119.64
786.42,0,0,1,Medium,2.1,0,1069.42
3555.9,1,0,0,Low,2.9,0,1313.34
1869.33,0,0,0,Low,1.2,0,0.0
732.82,0,0,0,Low,5.3,0,134.6
1031.03,0,0,4,Low,2.7,0,2138.02
2793.74,0,0,1,Low,5.6,0,1026.84
4140.6,0,0,3,Medium,7.3,0,0.0
9872.89,0,0,2,Medium,5.7,0,2231.82
19641.44,1,0,1,Medium,3.5,0,3689.89
3013.35,0,0,2,Medium,2.4,0,283.19
1051.37,0,0,1,Low,1.8,0,1519.26
446.29,0,0,4,Medium,9.5,0,196.66
2699.4,0,0,1,Low,5.5,0,1314.86
1200.26,0,0,0,Low,3.6,0,429.26
1617.25,0,0,1,High,6.7,0,330.72
1395.39,0,1,1,Low,8.6,0,1453.05
1987.05,0,0,1,Low,2.8,0,1382.06
4912.24,1,0,2,Low,5.4,0,1763.99
2484.4,0,1,1,Low,5.5,0,1605.56
1960.64,1,0,0,Low,10.7,0,610.82
1015.63,0,0,1,Low,3.6,0,0.0
628.91,0,1,1,High,2.4,1,3334.55
1533.44,0,0,2,Low,5.8,0,1939.71
2121.04,1,0,4,Low,7.1,0,2509.74
8316.09,0,0,1,Low,5.1,0,98.79
2435.01,1,0,2,Medium,11.2,0,857.26
4614.94,0,0,1,Low,3.6,0,467.76
1518.58,0,1,2,Low,5.2,0,600.16
908.04,1,1,2,Low,1.5,1,2707.87
1070.8,0,0,1,Medium,2.3,0,1201.33
1281.88,1,0,1,Medium,2.8,0,563.09
10898.19,0,0,2,Medium,4.0,1,3260.29
1192.68,1,1,1,Medium,1.7,1,3074.09
4141.72,0,0,2,Low,6.7,0,858.43
1121.93,0,1,0,Low,2.6,0,833.65
4441.2,0,0,3,Low,15.6,0,368.49
2947.5,0,0,1,Low,2.7,0,633.58
1963.57,0,0,0,Low,4.8,0,491.51
2141.86,0,0,3,Low,4.4,0,1372.74
1351.42,0,0,1,Low,2.1,0,912.98
3085.76,0,0,0,Medium,4.0,0,1000.34
1569.89,0,1,1,Low,4.0,0,1074.5
880.77,0,0,1,Medium,8.0,0,1129.06
846.87,0,0,0,Medium,5.9,0,1260.4
2513.52,0,0,1,Low,6.6,0,733.42
7217.89,0,0,1,Low,7.9,0,1289.93
2489.89,1,1,3,Medium,6.7,1,3251.9
2020.34,0,0,1,Medium,5.4,0,695.71
2736.32,0,0,1,Low,2.8,0,1089.13
5881.11,0,0,0,Low,5.1,0,456.3
2603.3,0,1,1,Medium,2.4,0,1804.61
1622.63,0,0,1,Medium,4.3,0,1039.12
5063.01,0,1,0,Low,3.9,0,1037.25
3045.95,1,0,1,Low,4.1,0,992.74
6987.07,0,0,1,High,1.7,0,1719.63
2533.67,0,1,2,Low,0.3,0,642.17
881.52,1,0,4,High,3.4,1,3812.3
791.46,0,1,3,Low,9.0,0,1812.75
7617.44,0,0,0,Low,4.8,0,1350.54
8044.54,1,0,1,Low,8.6,0,1230.82
1930.16,1,0,3,Low,2.4,0,2657.57
1656.74,0,0,3,High,3.3,1,2837.12
6608.31,0,1,1,Low,16.2,0,1091.27
962.67,0,1,1,High,2.5,1,2430.86
1128.85,0,0,2,Low,6.5,0,0.0
3577.77,0,0,0,High,6.5,0,2343.39
1642.62,0,0,1,High,6.1,0,2379.07
2199.88,0,0,0,Medium,6.6,0,1134.4
1953.58,1,0,0,Low,2.5,0,343.9
2844.61,0,0,2,Medium,3.5,0,2365.32
6346.2,0,0,2,Low,0.4,0,1120.79
2363.59,0,0,1,High,11.0,0,1527.49
3579.41,1,0,1,Low,6.6,0,2001.05
474.55,0,0,1,Low,2.8,0,1005.62
2129.11,0,1,0,Low,2.4,0,2209.64
1173.3,0,0,3,Medium,9.1,0,1648.93
885.27,0,0,1,High,2.7,1,2253.6
1142.97,0,0,1,Low,2.8,0,353.52
1718.84,0,0,1,Medium,2.1,0,14.47
4389.31,0,1,2,High,7.3,1,3324.02
816.65,0,0,1,Low,8.5,0,1296.69
2259.67,1,0,1,Low,3.9,0,1447.54
1535.9,0,1,0,Medium,8.6,0,1268.68
1727.18,0,1,3,Medium,5.7,1,2403.69
4684.75,0,0,0,Low,2.0,0,802.71
3306.31,1,0,1,Medium,10.5,0,2048.49
6021.24,0,0,0,Low,2.0,0,1008.38
1966.72,0,0,1,High,4.1,0,1739.37
1310.34,0,0,0,High,3.9,0,903.4
1867.03,1,0,2,Medium,3.4,0,2127.64
2648.83,0,1,2,Low,0.9,0,0.0
2521.05,0,0,2,Low,14.2,0,1257.04
979.17,0,0,1,Low,1.0,0,2092.22
2363.43,1,0,0,Low,10.9,0,35.83
2620.63,0,0,0,Medium,2.4,0,700.69
14590.2,0,0,0,Low,3.0,0,1366.96
9023.91,1,1,1,Low,10.2,0,1837.25
1164.52,1,1,1,Low,6.1,0,2111.52
1780.17,0,0,2,Low,1.5,0,1254.46
736.88,0,0,0,Low,1.5,0,485.35
1417.95,0,0,0,Medium,5.6,0,1187.76
2798.12,1,0,1,Medium,2.0,0,1465.08
5455.56,0,1,1,Low,6.3,0,3240.81
1278.17,0,0,2,High,6.7,0,1942.71
1352.07,0,0,1,High,2.6,1,2612.05
441.22,0,0,1,Low,3.1,0,0.0
1954.72,1,0,3,Medium,5.7,1,2517.93
995.44,0,0,0,Low,2.5,0,1050.74
1484.63,0,0,1,Low,4.8,0,0.0
1144.08,1,0,1,Low,16.8,0,0.0
2057.62,1,0,1,Low,5.9,0,1121.81
590.93,1,0,0,High,3.5,1,3295.27
734.89,0,0,1,High,15.1,0,1584.75
10904.55,0,0,2,Medium,7.7,0,1748.45
840.87,0,1,2,Medium,2.1,1,1606.69
970.11,0,0,0,Medium,2.4,0,966.65
8757.67,1,0,0,High,1.1,1,3476.74
19512.3,0,0,0,Low,5.6,0,735.91
917.2,0,0,2,Low,0.7,0,1558.2
1675.41,1,0,1,Medium,15.1,0,1798.41
2853.12,0,0,2,Low,3.8,0,1692.49
8074.96,0,1,0,Low,8.0,0,1736.19
1053.48,0,0,2,Low,3.5,0,1303.27
1837.28,0,0,0,Medium,5.6,0,1065.01
3956.06,0,0,0,Low,4.1,0,1104.58
3059.71,0,0,2,Low,4.7,0,83.86
1665.5,1,0,3,Low,9.5,0,771.0
1997.46,0,0,1,Low,12.4,0,345.02
787.47,0,0,2,High,11.9,0,1753.72
1847.1,0,0,2,Low,20.0,0,1212.77
1808.42,0,1,1,Medium,2.7,0,1715.16
2628.39,0,0,0,Medium,5.9,0,1448.4
1456.08,0,1,1,Low,2.7,0,1843.6
3145.27,0,0,1,Medium,9.3,0,650.36
4719.87,0,0,0,Medium,2.1,0,1111.61
2481.38,1,0,1,Medium,9.6,0,967.39
2875.03,0,0,2,Low,5.2,0,967.72
2298.17,0,0,4,Low,4.3,0,1727.86
2208.49,0,0,1,High,4.6,0,0.0
1285.41,1,0,3,Medium,1.8,1,4096.16
2799.99,0,0,3,High,2.0,0,2537.52
2052.95,0,0,0,High,5.3,0,1066.07
10613.44,0,0,1,Low,5.3,0,2412.99
7186.91,0,0,1,Medium,2.8,0,1222.0
2949.48,0,0,1,Low,3.8,0,889.35
1246.02,0,1,3,Medium,6.2,0,1749.31
958.81,0,0,2,Low,2.5,0,1845.71
5395.7,0,0,1,Low,1.0,0,929.96
2689.37,1,0,1,Medium,11.2,0,1530.47
3165.63,0,0,2,Medium,5.5,0,2053.67
596.79,0,0,1,Medium,3.2,0,1273.6
4427.45,0,0,3,Low,2.7,0,1410.03
3105.14,0,0,1,Low,2.5,0,1438.08
960.23,0,0,3,High,9.3,1,4393.38
1550.54,0,0,0,Low,1.6,0,633.11
2691.32,1,0,0,Low,5.9,0,952.61
2296.98,1,0,0,Medium,5.9,0,1254.63
1773.79,1,0,2,Low,7.4,0,2064.9
2043.43,1,1,0,Medium,3.5,0,1313.48
1828.07,1,0,0,Low,10.6,0,674.89
2476.06,0,0,2,Medium,7.6,0,497.73
6658.3,0,1,2,High,3.4,1,2984.95
322.15,0,0,2,High,2.6,1,2407.76
1848.93,0,0,0,Medium,4.1,0,748.66
2520.93,0,0,3,Low,3.3,0,2279.46
2757.27,1,0,0,Medium,2.3,0,1487.8
1670.81,0,1,2,Medium,4.8,0,1285.31
591.38,0,0,3,Medium,3.8,0,1071.01
2824.25,0,0,0,Medium,12.2,0,1603.81
8066.8,0,0,4,Medium,3.3,0,2874.31
698.97,0,0,1,Medium,2.6,0,974.41
4221.18,1,0,0,Medium,4.6,0,1052.09
1726.08,0,0,0,Low,5.4,0,1089.54
2109.08,0,0,1,Low,5.7,0,211.31
1002.57,0,0,0,Medium,5.7,0,935.8
1718.42,0,0,1,Low,4.7,0,1980.25
5854.9,0,0,0,High,4.5,0,1772.79
3418.62,0,0,1,Medium,6.8,0,722.72
8096.88,0,0,2,Low,2.2,0,1662.48
5340.42,0,0,4,Medium,2.6,0,1805.32
3069.64,1,0,2,Medium,1.3,0,968.11
8167.77,0,0,3,Medium,2.2,0,2387.31
3069.42,1,0,0,Low,8.7,0,1529.67
4109.23,0,0,1,High,6.6,0,1626.65
1767.94,0,0,1,Low,13.2,0,526.28
2321.36,1,0,0,Medium,11.3,0,633.63
1308.89,0,0,1,Low,6.6,0,619.16
4638.69,0,0,1,Medium,5.0,0,925.41
912.58,0,0,1,Medium,4.6,0,417.81
3970.96,0,0,1,Medium,0.7,0,2228.66
1914.12,0,0,2,Low,4.3,0,1260.56
5315.78,1,0,1,Medium,3.0,0,1946.92
3878.3,1,0,0,Medium,2.3,0,1757.35
8651.47,0,0,1,Low,6.0,0,1639.67
3820.29,0,0,3,High,3.9,1,2970.21
679.24,0,0,1,Medium,4.8,0,1107.45
2100.19,0,0,0,High,2.0,0,1249.05
916.9,0,0,0,High,7.8,0,1555.34
1497.11,1,0,2,High,3.3,1,3312.73
6859.72,1,0,3,Medium,5.8,1,2949.72
3562.26,0,1,3,Medium,3.5,0,1448.24
1307.41,0,0,1,Low,0.5,0,781.95
1032.47,0,0,1,Low,6.1,0,569.92
2263.32,0,1,0,Medium,4.1,0,268.73
886.76,0,1,0,Low,1.2,0,1191.29
1334.94,0,0,1,High,1.8,0,2134.38
2790.59,0,1,0,Low,7.9,0,2435.94
5252.63,0,1,1,Low,1.2,0,1262.53
3486.21,1,0,3,Low,3.2,0,1427.74
396.05,0,0,1,Low,13.9,0,27.54
2774.64,1,0,0,Low,6.2,0,1008.98
2330.94,0,0,3,Low,7.2,0,1404.44
3012.18,0,0,2,Medium,3.7,0,934.64
7421.65,0,0,0,Low,1.1,0,773.3
469.92,0,0,0,Low,5.1,0,0.0
1417.53,0,0,1,Low,1.9,0,1218.73
3439.84,0,0,1,Low,1.8,0,426.92
674.39,1,0,4,Low,4.8,0,1768.15
6680.59,0,0,1,Medium,2.0,0,592.96
2911.05,0,0,5,Medium,4.4,1,2733.48
4166.94,0,0,2,Low,2.7,0,1007.91
1439.13,0,0,1,Medium,4.3,0,1004.53
4065.63,0,1,1,Low,3.1,0,1658.45
4921.43,0,1,0,Low,4.4,0,1985.99
2629.79,1,1,3,High,10.7,1,4367.08
2632.79,1,0,1,Low,7.3,0,1673.49
2704.73,0,0,0,High,4.0,0,2234.69
1155.73,0,0,1,Low,9.7,0,1004.24
1977.03,0,0,3,Low,5.8,0,1248.2
1969.64,1,1,1,Low,9.3,0,2152.89
2944.06,0,0,5,Low,1.4,1,3346.24
4674.46,0,0,3,High,2.1,1,3613.92
998.34,0,0,1,Low,5.1,0,0.0
2010.71,1,0,0,High,4.0,1,2177.95
6708.24,0,0,0,High,4.4,0,1568.41
1264.34,0,0,2,Medium,6.4,0,1687.3
1191.91,1,1,0,Low,5.1,0,1271.69
2570.18,0,0,3,Low,7.8,0,1935.19
4160.08,1,0,1,Low,7.7,0,1974.59
2227.35,0,0,2,Medium,2.1,0,1985.46
5983.26,0,0,2,Low,0.6,0,1951.88
4198.97,0,0,3,High,2.0,1,2653.58
4152.08,1,0,2,Medium,1.9,0,2076.1
3346.22,0,0,1,Low,4.6,0,510.09
12654.14,0,1,1,Medium,4.6,1,2288.8
1893.4,0,0,1,Low,3.8,0,584.43
491.45,0,0,2,High,6.0,0,2533.01
7355.41,0,0,3,Low,17.7,0,1898.29
1566.7,0,0,1,High,3.8,0,2729.46
2394.45,0,0,2,Medium,5.3,0,1435.09
5896.79,1,1,1,High,4.4,1,5019.07
664.02,0,0,2,Low,2.9,0,1014.12
863.73,0,0,1,Medium,6.5,0,982.83
664.5,0,0,0,Low,3.6,0,0.0
1217.31,0,0,2,Medium,2.4,0,1866.02
3070.9,0,0,0,Low,2.6,0,288.79
3271.95,0,0,0,Low,8.0,0,223.16
2716.79,1,0,1,Low,6.4,0,1854.85
765.42,0,0,2,Low,3.1,0,1560.6
390.5,0,0,2,Low,5.9,0,1519.96
2300.23,0,0,1,Medium,4.4,0,871.81
1550.24,1,0,0,Low,5.3,0,780.48
3116.73,0,1,2,Medium,2.8,1,2755.25
3738.6,0,0,2,Low,2.0,0,1562.09
2449.6,1,0,1,Medium,3.6,0,2285.93
3905.34,0,0,1,Medium,2.2,0,1385.85
2622.57,1,0,1,Low,2.1,0,2229.77
3286.4,0,0,2,Medium,1.4,0,1893.51
1301.79,0,0,0,High,0.6,1,2111.99
1930.03,0,0,1,Medium,3.1,0,1500.89
2559.54,1,0,2,Low,8.9,0,2337.43
4086.3,0,0,0,Low,7.6,0,1735.1
1643.68,0,0,0,Medium,11.7,0,1417.85
3264.54,0,0,1,Low,2.0,0,852.64
1809.17,0,0,0,Medium,6.7,0,657.46
2022.0,0,1,2,Low,4.0,0,1828.38
4113.95,0,0,5,Medium,2.6,0,3158.66
495.32,1,0,2,Low,8.3,0,1493.25
835.18,0,1,1,Low,4.1,0,1418.46
726.59,0,0,3,High,1.0,1,3009.13
383.67,0,0,1,High,7.5,0,1356.52
1327.83,0,1,2,High,5.6,1,3173.77
3874.13,0,0,1,High,4.8,1,2755.67
1783.51,0,0,2,Low,1.7,0,1939.8
2561.49,0,0,0,Low,5.2,0,397.46
4998.6,0,0,0,Low,10.7,0,728.84
5977.54,0,0,0,Low,5.5,0,292.47
2096.76,0,0,1,Low,1.3,0,1150.92
6094.79,0,0,0,High,5.8,0,2428.31
2366.33,0,0,2,Low,5.6,0,1929.12
1178.45,0,0,3,Low,7.1,0,1324.34
1414.03,0,0,4,Low,5.5,0,1804.88
727.49,1,1,1,Low,2.1,0,1426.47
1134.45,0,0,3,Low,4.6,0,1499.82
1688.32,0,0,1,Medium,3.7,0,1200.86
4034.71,0,0,0,Low,5.0,0,664.47
8027.09,0,0,1,Medium,8.5,0,1547.66
783.18,0,0,0,High,2.7,0,1553.38
2964.97,0,1,0,Medium,12.8,0,1195.76
1011.91,0,0,0,Medium,5.8,0,587.46
3152.73,1,0,2,Low,7.5,0,2379.74
2001.57,0,0,0,Low,6.9,0,1980.91
559.38,0,0,1,Low,5.6,0,0.0
4430.3,0,0,1,High,6.3,0,1127.41
1402.83,1,0,1,Medium,0.1,1,1731.76
1479.67,0,0,1,Low,6.9,0,656.77
989.98,0,0,4,Low,2.3,0,1951.98
1351.93,0,0,2,Medium,4.2,0,1589.82
3043.97,0,1,1,Medium,5.6,0,1717.7
1916.14,1,0,3,Medium,8.7,0,2205.04
2825.66,0,0,0,High,2.3,0,1067.15
2897.03,0,0,1,Medium,3.2,0,978.52
5946.13,0,0,2,Medium,3.5,0,1575.18
1707.71,0,1,0,Low,5.0,0,98.22
729.5,1,0,0,Low,3.7,0,112.34
4916.82,0,0,1,High,6.3,0,1237.32
1722.24,0,0,0,Medium,1.0,0,1190.82
5094.64,1,0,2,Low,4.0,0,1711.57
2944.02,1,0,2,Medium,11.4,0,2062.17
2001.49,0,1,3,Low,3.7,0,758.29
2868.61,0,0,2,Medium,5.8,0,554.84
9540.1,0,0,1,Low,7.9,0,1642.58
10485.36,0,1,0,Medium,5.7,0,355.71
2326.3,0,0,1,Low,13.5,0,1446.39
2490.26,0,0,1,Low,4.7,0,0.0
4950.18,1,0,1,Low,6.5,0,1770.35
1171.16,1,0,2,Medium,5.2,1,2013.26
2835.02,1,0,0,Low,10.0,0,1475.35
2165.93,1,0,0,Low,3.3,0,2616.1
2794.56,0,0,0,Medium,14.2,0,0.0
1182.01,0,0,1,Low,2.7,0,1075.2
670.37,0,0,1,Low,12.1,0,0.0
466.5,0,0,0,Low,2.1,0,617.38
955.24,0,0,0,High,6.7,0,1203.14
1565.55,0,0,1,Low,4.4,0,790.97
1772.43,0,1,1,Low,7.8,0,732.64
9442.0,0,0,0,Low,5.9,0,1440.24
5061.89,0,0,1,Low,7.5,0,167.74
1073.23,0,0,0,Low,2.0,0,1108.03
2866.31,0,0,0,Low,1.2,0,325.55
1627.32,0,0,4,Low,1.7,0,732.43
1784.2,1,0,1,Low,1.7,0,1962.11
2537.65,1,1,1,High,2.0,1,3400.6
3513.54,0,0,2,Low,2.9,0,2165.15
1712.24,0,1,2,Low,2.9,1,3061.6
4904.4,0,1,1,High,4.5,1,2814.33
937.81,1,0,3,High,2.4,1,3298.9
2218.87,1,0,2,Medium,2.5,0,1741.89
15494.73,0,0,0,Low,3.8,0,2274.1
2610.53,0,1,0,Low,8.5,0,1273.37
6469.87,0,0,1,Low,3.3,0,1159.85
2365.25,0,0,2,Low,4.3,0,925.63
3413.81,1,1,0,Low,4.8,0,1411.16
2116.27,0,0,1,Medium,2.2,0,1775.66
1943.4,0,0,2,Low,3.5,0,1008.08
1230.76,0,0,1,Medium,2.7,0,778.9
3049.48,0,1,1,Low,8.0,0,1012.98
1166.01,1,1,3,Low,7.6,1,2657.05
3638.0,1,0,1,Medium,2.5,0,743.51
4983.89,0,0,0,High,4.2,0,1186.17
2907.06,0,0,0,Low,6.6,0,1377.63
1781.68,1,0,1,Medium,5.5,0,1271.09
3104.08,0,0,1,Low,5.9,0,1214.71
1751.97,1,0,1,Low,2.2,0,0.0
4454.46,0,0,1,Medium,11.8,0,1534.38
559.17,0,0,2,Low,2.8,0,820.4
1716.93,1,0,1,Low,2.8,0,815.39
496.16,0,0,2,Low,1.6,0,1004.26
719.61,0,0,0,Low,4.0,0,127.67
6141.94,0,0,0,Low,9.0,0,0.0
4321.63,0,0,0,Low,5.4,0,1159.75
1287.41,0,1,3,High,4.2,1,3653.78
715.6,0,0,1,Medium,7.2,0,787.42
239.03,1,0,1,Low,8.9,0,445.33
1469.06,1,1,1,Low,7.5,0,754.41
13565.86,0,0,0,Medium,0.9,0,1722.75
3059.98,0,0,2,Low,7.2,0,1971.59
1451.45,0,0,3,Low,6.0,0,1343.34
3130.07,1,1,4,Medium,2.4,1,2898.59
684.91,0,0,0,Low,6.0,0,521.76
1766.95,0,1,1,Low,9.0,0,1204.35
2379.41,0,0,0,Low,2.9,0,991.78
2070.25,0,0,0,Low,7.9,0,828.62
3996.22,0,0,1,Low,5.5,0,0.0
2859.73,0,0,3,High,0.2,1,3430.06
3645.48,1,0,2,Low,4.4,0,923.27
1317.8,1,0,1,Medium,5.4,0,570.3
4330.17,1,1,1,Medium,3.6,0,1959.45
7492.84,0,0,2,Low,5.7,0,1620.53
1066.77,0,0,1,Low,4.1,0,0.0
1134.82,0,0,2,Low,16.0,0,1336.95
6013.96,1,0,0,Medium,3.4,0,1840.81
1913.12,0,0,1,Low,2.5,0,769.76
6328.8,1,0,3,Medium,7.6,1,2645.82
1584.62,0,0,2,High,3.7,0,1342.27
6576.67,1,0,1,Medium,4.2,0,2284.63
2437.22,0,1,2,High,4.0,1,2509.43
2680.27,0,0,1,Medium,7.4,0,1683.08
7140.5,0,0,0,High,2.0,0,1658.98
1683.57,0,0,0,Medium,7.9,0,715.14
1090.25,0,0,2,Medium,6.3,0,306.87
1577.47,0,1,1,Medium,12.9,0,1439.73
3100.29,0,1,0,High,5.1,1,3204.49
682.44,0,1,0,Low,2.1,0,162.75
3562.09,0,0,3,Medium,5.1,0,1953.6
1474.27,0,0,0,Low,5.6,0,502.16
5223.17,1,0,1,High,9.5,0,1871.56
366.61,0,0,3,Low,2.1,0,1625.73
1224.24,0,0,3,Medium,1.3,1,1204.46
623.38,1,0,0,Medium,5.2,0,1234.31
1188.36,1,1,1,High,13.2,1,4233.87
2659.12,0,0,3,Low,6.9,0,2108.11
1930.59,1,0,1,Medium,7.2,0,1609.53
1826.15,0,0,0,Medium,1.5,0,611.91
1959.83,0,0,0,High,4.6,0,1037.5
2572.26,0,0,1,High,9.6,0,1523.45
1036.49,0,0,0,Medium,5.6,0,1021.65
3752.35,0,1,2,Medium,1.2,1,2388.68
3630.04,0,0,1,Low,4.6,0,1280.69
2947.69,0,0,2,High,6.6,0,3149.58
3352.29,0,0,5,Low,4.2,0,1850.62
2758.14,0,0,2,Medium,2.3,0,623.65
10160.93,0,0,0,Medium,7.8,0,621.66
2068.71,0,0,0,Low,3.3,0,921.92
1754.06,0,0,3,Low,6.0,0,1219.92
1254.95,0,0,0,Low,4.5,0,920.1
1018.21,0,0,1,High,3.2,0,1287.78
868.39,0,0,6,Low,14.1,0,2427.63
1133.88,0,0,0,Low,3.0,0,342.31
2094.33,1,0,1,Medium,4.8,0,1003.73
2837.62,0,0,0,Low,4.5,0,328.08
2294.7,1,0,1,High,5.1,1,2262.25
1243.7,0,0,4,Low,13.5,0,2571.21
4337.87,0,0,1,Low,6.6,0,860.64
3845.12,0,0,2,Low,3.2,0,1493.64
1959.15,0,0,2,Low,11.0,0,711.86
1353.32,1,0,1,Low,7.4,0,476.17
3331.98,1,0,1,Medium,3.3,0,1364.6
2542.7,1,1,1,Low,9.9,0,2243.64
745.39,0,0,1,Low,1.5,0,375.77
2098.58,0,0,1,Low,1.9,0,278.11
2687.93,0,0,0,Low,1.1,0,623.66
1124.65,0,0,1,High,0.7,0,1863.19
2546.26,0,0,3,Low,9.5,0,2211.8
741.65,0,0,0,High,5.2,0,1496.48
6015.77,0,0,0,Low,1.2,0,1125.3
5630.55,1,0,3,Low,4.4,0,2269.74
1827.33,0,0,2,Low,8.0,0,363.75
2900.36,0,0,0,Low,2.6,0,23.19
362.33,0,0,1,Medium,3.6,0,339.22
927.73,0,0,4,Low,14.5,0,722.26
1771.65,0,0,0,Low,3.8,0,911.52
988.21,0,0,0,Medium,1.3,0,878.7
3773.65,0,0,1,Medium,3.1,0,1217.88
9877.08,0,0,0,High,1.1,0,515.4
913.73,1,0,0,High,7.0,0,2794.47
1178.39,0,0,1,Medium,2.3,0,500.64
2634.86,0,0,0,Medium,2.3,0,1962.94
7393.36,0,0,3,Medium,15.3,0,1150.45
882.91,0,0,0,Low,1.7,0,0.0
2661.85,0,0,3,Medium,1.5,0,404.76
8655.71,0,0,0,Low,2.0,0,1155.07
639.82,0,0,0,Medium,8.2,0,89.1
844.88,0,0,5,High,6.4,1,2918.99
1607.27,0,1,0,Low,3.0,0,207.63
1494.52,0,0,2,Medium,2.8,0,1702.16
4062.08,1,0,2,High,6.1,1,3695.65
2647.17,0,0,1,Low,5.3,0,1791.92
583.34,0,0,0,Low,4.0,0,13.7
